id,venda_id,produto_nome,categoria,quantidade,valor_unitario,valor_total,sku,produto_id,item_estoque_id,arma_cliente_id
683,563,MUN CBC 9MM LUGER EXPO +P 135GR P.SHOCK BL C,Munição,30,15.88,476.40,,,,
684,564,MUN CBC 9MM LUGER EXPO +P 135GR P.SHOCK BL C,Munição,20,15.88,317.60,,,,
685,565,MUN CBC .40S&W ETPP 180GR BLIS C,Munição,10,10.64,106.40,,,,
686,566,MUN CBC .38SPL ETPP 158GR TREINA,Munição,100,6.11,611.00,,,,
687,566,MUN CAL .40 S&W LPC 165GR POLYMATCH CX50,Munição,50,6.50,325.00,,,,
688,567,MUN CBC 9MM LUGER ETOG 124GR,Munição,70,7.65,535.50,,,,
689,568,MUN CBC 9MM LUGER ETOG 124GR,Munição,50,7.65,382.50,,,,
690,569,MUN CBC 9MM LUGER ETOG 124GR,Munição,20,7.65,153.00,,,,
691,570,MUN CBC 9MM LUGER ETOG 124GR,Munição,10,7.65,76.50,,,,
692,571,MUN CBC 9MM LUGER ETOG 124GR,Munição,50,7.65,382.50,,,,
693,572,CART CBC 22WMR ETOG 40GR TARGET C,Munição,50,4.69,234.50,,,,
694,573,MUN CBC .38TPC ETOG 124GR BLIS C,Munição,20,6.90,138.00,,,,
695,574,CART CBC 28/70 CH-T PLAST,Munição,25,6.89,172.25,,,,
696,575,CART CBC 28/70 CH-T PLAST,Munição,25,6.89,172.25,,,,
697,576,MUN CBC .380 AUTO+P EXPO 85GR G. HEX BLST C,Munição,20,15.53,310.60,,,,
698,577,MUN CBC 9MM LUGER ETOG 124GR TREINA C,Munição,50,5.75,287.50,,,,
699,578,MUN CBC 9MM LUGER ETOG 124GR TREINA C,Munição,600,5.75,3450.00,,,,
700,579,MUN CBC 9MM LUGER ETOG 124GR,Munição,20,7.65,153.00,,,,
701,580,CART CBC .22LR CHOG 40GR TARGET 300 C,Munição,300,0.43,129.00,,,,
702,581,MUN CBC 9MM LUGER ETOG 124GR TREINA C,Munição,200,5.75,1150.00,,,,
703,582,CART CBC .22LR CHPO 40GR HUNTER SUBS CX 50,Munição,100,1.71,171.00,,,,
704,582,CART CBC .22LR CHPO 33gr HUNTER HYPER,Munição,50,1.84,92.00,,,,
705,583,CART CBC 28/70 CH-T PLAST,Munição,50,6.89,344.50,,,,
706,584,MUN CBC 9MM LUGER EXPO +P 135GR P.SHOCK BL C,Munição,10,15.88,158.80,,,,
707,584,MUN CBC 9MM LUGER ETOG 124GR,Munição,10,7.65,76.50,,,,
708,585,MUN CBC 9MM LUGER ETOG 124GR TREINA C,Munição,50,5.75,287.50,,,,
709,586,MUN CBC 9MM LUGER ETOG 124GR TREINA C,Munição,50,5.75,287.50,,,,
710,587,CART CBC .22LR CHOG 40GR TARGET 300 C,Munição,600,0.56,336.00,,,,
711,588,CART CBC .22LR CHOG 40GR TARGET C,Munição,50,1.49,74.50,,,,
712,588,MUN CBC 9MM LUGER ETOG 124GR,Munição,30,7.65,229.50,,,,
713,589,MUN CBC 9MM LUGER ETOG 124GR,Munição,10,7.65,76.50,,,,
714,590,BONÉ LEGIONÁRIO GALAPAGOS RESPONDER 2.0 CAQUI U,Produtos Simples,1,169.00,169.00,,,,
715,590,BONÉ LEGIONÁRIO GALAPAGOS RESPONDER 2.0 VERDE U,Produtos Simples,1,169.00,169.00,,,,
716,591,MUN CAL .40 S&W LPC 165GR POLYMATCH CX50,Munição,150,6.50,975.00,,,,
717,592,MUN CBC .380 AUTO ETOG 95GR TREINA C,Munição,100,5.85,585.00,,,,
718,593,CART CBC .22LR CHOG 40GR TARGET 300 C,Munição,1200,1.12,1344.00,,,,
719,594,CART CBC .22LR CHOG 40GR TARGET 300 C,Munição,300,1.12,336.00,,,,
720,595,CART CBC .22LR CHOG 40GR TARGET 300 C,Munição,600,1.12,672.00,,,,
721,596,CART CBC .22LR CHOG 40GR TARGET 300 C,Munição,300,0.40,120.00,,,,
722,597,CART CBC .22LR CHOG 40GR TARGET 300 C,Munição,300,1.12,336.00,,,,
723,598,MUN CBC 9MM LUGER ETOG 124GR TREINA C,Munição,50,5.75,287.50,,,,
724,598,MUN CBC 9MM LUGER EXPO +P 135GR P.SHOCK BL C,Munição,10,15.88,158.80,,,,
725,598,MUN CBC 9MM LUGER ETOG 124GR,Munição,20,7.65,153.00,,,,
726,599,CART CBC .22LR CHOG 40GR TARGET 300 C,Munição,300,1.12,336.00,,,,
727,600,CART CBC .22LR CHOG 40GR TARGET 300 C,Munição,300,1.12,336.00,,,,
728,601,MUN CBC .380 AUTO+P EXPO 85GR G. HEX BLST C,Munição,20,15.53,310.60,,,,
729,602,CART CBC .22LR CHOG 40GR TARGET 300 C,Munição,300,1.12,336.00,,,,
730,603,CART CBC .22LR CHOG 40GR TARGET 300 C,Munição,1500,0.49,735.00,,,,
731,604,MUN CBC .380 AUTO ETOG 95GR TREINA C,Munição,50,5.85,292.50,,,,
732,604,CART CBC .22LR CHOG 40GR TARGET 300 C,Munição,300,1.12,336.00,,,,
733,605,CART CBC .22LR CHOG 40GR TARGET 300 C,Munição,300,1.12,336.00,,,,
734,606,MUN CBC .38TPC ETOG 124GR BLIS C,Munição,50,6.90,345.00,,,,
735,607,MUN CBC 38SPL EXPO 158GR BLST C,Munição,10,11.75,117.50,,,,
736,608,CART CBC .22LR CHOG 40GR TARGET 300 C,Munição,300,1.12,336.00,,,,
737,609,MUN CBC .38TPC ETOG 124GR BLIS C,Munição,50,6.90,345.00,,,,
738,610,CART CBC .22LR CHOG 40GR TARGET 300 C,Munição,1200,1.12,1344.00,,,,
739,611,CART CBC .22LR CHOG 40GR TARGET 300 C,Munição,600,0.40,240.00,,,,
740,612,CART CBC .22LR CHOG 40GR TARGET 300 C,Munição,600,1.12,672.00,,,,
741,613,MUN CBC .380 AUTO ETOG 95GR TREINA C,Munição,50,5.85,292.50,,,,
742,613,CART CBC .22LR CHOG 40GR TARGET 300 C,Munição,300,1.12,336.00,,,,
743,615,MUN CBC .380 AUTO+P EXPO 85GR G. HEX BLST C,Munição,20,15.53,310.60,,,,
744,616,CART CBC .22LR CHPO 40GR HUNTER SUBS CX 50,Munição,150,0.71,106.50,,,,
745,616,CART CBC .22LR CHOG 40GR TARGET C,Munição,50,0.49,24.50,,,,
746,616,CART CBC .22LR CHPO 33gr HUNTER HYPER,Munição,50,0.84,42.00,,,,
747,617,KIT LIMPEZA ARMA CURTA CAL.380/.38/.9MM/.357,Produtos Simples,50,99.90,4995.00,,,,
748,618,MUN CCI 17HMR POLY TIP 17GR,Munição,100,8.30,830.00,,,,
749,619,MUN CBC .380 AUTO ETOG 95GR TREINA C,Munição,50,5.85,292.50,,,,
750,620,MUN CBC .380 AUTO+P EXPO 85GR G. HEX BLST C,Munição,20,15.53,310.60,,,,
751,621,MUN CBC .45AUTO ETOG 230GR BLIS C,Munição,50,11.65,582.50,,,,
752,622,CART CBC .22LR CHOG 40GR TARGET C,Munição,50,1.49,74.50,,,,
753,623,MUN CBC .38TPC ETOG 124GR BLIS C,Munição,20,6.90,138.00,,,,
754,624,MUN CBC .38TPC ETOG 124GR BLIS C,Munição,20,6.90,138.00,,,,
755,625,MUN CBC .380 AUTO ETOG 95GR TREINA C,Munição,50,5.85,292.50,,,,
756,626,CART CBC .22LR CHOG 40GR TARGET C,Munição,100,1.49,149.00,,,,
757,627,MUN CBC 9MM LUGER ETOG 124GR,Munição,10,7.65,76.50,,,,
758,628,MUN CBC .380 AUTO ETOG 95GR TREINA C,Munição,150,5.85,877.50,,,,
759,628,MUN CBC .380 AUTO+P EXPO 85GR G. HEX BLST C,Munição,10,15.53,155.30,,,,
760,629,CART CBC .22LR CHPO 40GR HUNTER SUBS CX 50,Munição,50,1.71,85.50,,,,
761,630,CART CBC .22LR CHOG 40GR TARGET C,Munição,50,0.49,24.50,,,,
762,631,MUN CBC 38SPL CHOG 158GR - ORÇ,Produtos Simples,1000,9.49,9490.00,,,,
763,632,CART CBC 12/70 SUPER VELOX CH-3T,Munição,25,8.15,203.75,,,,
764,633,MUN CBC .380 AUTO ETOG 95GR TREINA C,Munição,50,5.85,292.50,,,,
765,634,MUN CBC .38SPL ETPP 158GR TREINA,Munição,100,6.11,611.00,,,,
766,635,CART CBC .22LR CHOG 40GR TARGET C,Munição,50,1.49,74.50,,,,
767,635,CART CBC 22WMR EXPO 40GR HUNTER C,Munição,50,4.69,234.50,,,,
768,635,CART CBC 22WMR ETOG 40GR TARGET C,Munição,100,4.69,469.00,,,,
769,635,CART CBC .22LR CHPO 40GR HUNTER SUBS CX 50,Munição,50,1.71,85.50,,,,
770,636,CART CBC 22WMR EXPO 40GR HUNTER C,Munição,100,4.69,469.00,,,,
771,636,CART CBC 22WMR ETOG 40GR TARGET C,Munição,50,4.69,234.50,,,,
772,637,MUN CBC 9MM LUGER ETOG 124GR TREINA C,Munição,50,5.75,287.50,,,,
773,638,MUN CBC 9MM LUGER ETOG 124GR TREINA C,Munição,50,5.75,287.50,,,,
774,639,CARREGADOR 11T CAL. MECGAR GX4,Produtos Simples,1,100.00,100.00,,,,
775,640,MUN CBC 9MM LUGER ETOG 124GR TREINA C,Munição,100,2.75,275.00,,,,
776,640,MUN CBC .380 AUTO ETOG 95GR TREINA C,Munição,200,2.85,570.00,,,,
777,641,MUN CBC 9MM LUGER ETOG 124GR TREINA C,Munição,50,5.75,287.50,,,,
778,642,MUN CCI 17HMR POLY TIP 17GR,Munição,100,8.30,830.00,,,,
779,643,CARREGADOR 11T CAL. MECGAR GX4,Produtos Controlados,1,292.00,292.00,,,,
780,644,MUN CBC .380 AUTO+P EXPO 85GR G. HEX BLST C,Munição,20,15.53,310.60,,,,
781,645,MUN CBC .380 AUTO ETOG 95GR TREINA C,Munição,50,5.85,292.50,,,,
782,646,MUN CBC 38SPL EXPO 158GR BLST C,Munição,50,11.75,587.50,,,,
783,647,MUN CBC .380 AUTO+P EXPO 85GR G. HEX BLST C,Munição,30,15.53,465.90,,,,
784,648,CART CBC .22LR CHOG 40GR TARGET C,Munição,100,0.49,49.00,,,,
785,649,MUN CBC 38SPL CHOG 158GR BLST C,Munição,200,3.42,684.00,,,,
786,650,CART CBC .22LR CHOG 40GR TARGET C,Munição,150,0.49,73.50,,,,
787,650,MUN CBC 9MM LUGER ETOG 124GR TREINA C,Munição,50,2.75,137.50,,,,
788,651,MUN CBC 9MM LUGER ETOG 124GR,Munição,100,2.65,265.00,,,,
789,652,CART CBC .22LR CHPO 33gr HUNTER HYPER,Munição,100,0.84,84.00,,,,
790,652,CART CBC .22LR CHPO 40GR HUNTER SUBS CX 50,Munição,100,0.71,71.00,,,,
791,652,MUN CBC 9MM LUGER ETOG 124GR,Munição,100,3.65,365.00,,,,
792,653,CART CBC 28/70 CH-T PLAST,Munição,50,2.50,125.00,,,,
793,654,MUN CBC 9MM LUGER ETOG 124GR TREINA C,Munição,50,5.75,287.50,,,,
794,654,MUN CBC .380 AUTO ETOG 95GR TREINA C,Munição,50,5.85,292.50,,,,
795,655,MUN CBC 9MM LUGER ETOG 124GR TREINA C,Munição,50,5.75,287.50,,,,
796,656,CART CBC 22WMR EXPO 40GR HUNTER C,Munição,100,4.69,469.00,,,,
797,657,CART CBC 22WMR EXPO 40GR HUNTER C,Munição,100,4.69,469.00,,,,
798,658,CART CBC 22WMR EXPO 40GR HUNTER C,Munição,100,4.69,469.00,,,,
799,659,CART CBC 28/70 CH-T PLAST,Munição,25,6.89,172.25,,,,
800,660,CART CBC .22LR CHOG 40GR TARGET C,Munição,200,1.49,298.00,,,,
801,661,MUN CBC .38TPC ETOG 124GR BLIS C,Munição,100,6.40,640.00,,,,
802,662,CART CBC 22WMR EXPO 40GR HUNTER C,Munição,50,4.69,234.50,,,,
803,663,CART CBC 28/70 CH-T PLAST,Munição,25,6.89,172.25,,,,
804,664,PÓLVORA CBC 266 EMB. 1KG,Produtos Controlados,1,500.00,500.00,,,,
805,664,CART CBC 28/70 CH-T PLAST,Munição,50,4.89,244.50,,,,
806,665,PÓLVORA CBC 216 EMB. 1KG,Produtos Controlados,1,500.00,500.00,,,,
807,666,MUN CBC .380 AUTO ETOG 95GR TREINA C,Munição,50,5.85,292.50,,,,
808,667,CART CBC .22LR CHPO 40GR HUNTER SUBS CX 50,Munição,50,1.71,85.50,,,,
809,668,MUN CBC .380 AUTO+P EXPO 85GR G. HEX BLST C,Munição,20,15.53,310.60,,,,
810,668,CART CBC .22LR CHPO 33gr HUNTER HYPER,Munição,150,1.84,276.00,,,,
811,668,MUN CBC .380 AUTO ETOG 95GR BLST C,Munição,140,7.65,1071.00,,,,
812,668,MUN CBC .380 AUTO ETOG 95GR TREINA C,Munição,100,5.85,585.00,,,,
813,668,CART CBC .22LR CHPO 40GR HUNTER SUBS CX 50,Munição,150,1.71,256.50,,,,
814,669,"CARABINA PRESSÃO JADE NEW 5,5MM OX PP MI",Produtos Simples,1,395.00,395.00,,,,
815,670,MUN CBC 9MM LUGER ETOG 124GR TREINA C,Munição,50,5.75,287.50,,,,
816,671,COFRE GRANDE CHAVE/CODIGO,Produtos Simples,1,1100.00,1100.00,,,,
817,672,"CARABINA PRESSÃO JADE MAIS 5,5MM OX PP",Produtos Simples,1,760.00,760.00,,,,
818,673,CART CBC 12/70 SUPER VELOX CH-3T,Munição,25,4.15,103.75,,,,
819,674,MUN CBC .380 AUTO ETOG 95GR BLST C,Munição,20,7.65,153.00,,,,
820,675,MUN CBC .380 AUTO+P EXPO 85GR G. HEX BLST C,Munição,10,8.00,80.00,,,,
821,675,MUN CBC .380 AUTO ETOG 95GR BLST C,Munição,20,5.00,100.00,,,,
822,676,"AIRGUN GAMO P23 COMBAT 4,5MM",Produtos Simples,1,299.00,299.00,,,,
823,677,CART CBC .22LR CHOG 40GR TARGET C,Munição,100,1.49,149.00,,,,
824,677,CART CBC .22LR CHPO 33gr HUNTER HYPER,Munição,100,1.84,184.00,,,,
825,677,CART CBC .22LR CHPO 40GR HUNTER SUBS CX 50,Munição,100,1.71,171.00,,,,
826,678,MUN CBC .40S&W ETPP 180GR BLIS C,Munição,90,5.00,450.00,,,,
827,679,MUN CBC 9MM LUGER EXPO +P 135GR P.SHOCK BL C,Munição,20,15.88,317.60,,,,
828,680,MUN CBC 9MM LUGER ETOG 124GR TREINA C,Munição,50,4.05,202.50,,,,
829,680,MUN CBC 38SPL EOPP 158GR NTA C,Munição,100,4.12,412.00,,,,
830,680,MUN CBC 9MM LUGER ETOG 124GR TREINA C,Munição,50,4.05,202.50,,,,
831,681,MUN CBC .380 AUTO ETOG 95GR BLST C,Munição,20,7.65,153.00,,,,
832,682,"CHUMBO GAMO PRO-HUNTER COMPETITION 5,5MM",Produtos Simples,2,61.00,122.00,,,,
833,682,"CARABINA AR COMPRIMIDO GAMO ARROW PCP POLIMERO 5,5MM",Produtos Simples,1,900.00,900.00,,,,
834,683,CART CBC .22LR CHOG 40GR TARGET 300 C,Munição,1800,0.59,1062.00,,,,
835,684,MUN CBC .357MAG EXPP 158GR TREINA C,Munição,50,7.18,359.00,,,,
836,685,MUN CBC 38SPL EOPP 158GR NTA C,Munição,50,6.12,306.00,,,,
837,686,MUN CBC .380 AUTO ETOG 95GR BLST C,Munição,20,4.65,93.00,,,,
838,687,MUN CBC .380 AUTO ETOG 95GR BLST C,Munição,20,7.65,153.00,,,,
839,687,MUN CBC .380 AUTO+P EXPO 85GR G. HEX BLST C,Munição,10,15.53,155.30,,,,
840,688,CART CBC .22LR CHOG 40GR TARGET 300 C,Munição,300,0.70,210.00,,,,
841,689,MUN CBC 38SPL EXPO 158GR BLST C,Munição,10,8.90,89.00,,,,
842,690,CART CBC .22LR CHOG 40GR TARGET 300 C,Munição,300,0.32,96.00,,,,
843,691,MUN CBC 38SPL CHOG 158GR BLST C,Munição,30,4.00,120.00,,,,
844,692,MUN CBC .40S&W ETPP 180GR BLIS C,Munição,50,4.00,200.00,,,,
845,693,CART CBC .22LR CHOG 40GR TARGET C,Munição,50,1.49,74.50,,,,
846,694,CART CBC .22LR CHPO 33gr HUNTER HYPER,Munição,50,0.84,42.00,,,,
847,694,CART CBC .22LR CHOG 40GR TARGET 300 C,Munição,300,0.70,210.00,,,,
848,694,CART CBC .22LR CHPO 40GR HUNTER SUBS CX 50,Munição,50,0.71,35.50,,,,
849,695,MUN CBC 9MM LUGER ETOG 124GR,Munição,40,3.65,146.00,,,,
850,695,MUN CBC 9MM LUGER ETOG 124GR TREINA C,Munição,50,3.75,187.50,,,,
851,696,CART CBC .22LR CHPO 40GR HUNTER SUBS CX 50,Munição,200,0.71,142.00,,,,
852,696,CART CBC .22LR CHOG 40GR TARGET C,Munição,50,0.59,29.50,,,,
853,697,MUN CBC 9MM LUGER ETOG 124GR TREINA C,Munição,50,5.75,287.50,,,,
854,698,MUN CBC .380 AUTO ETOG 95GR TREINA C,Munição,100,5.85,585.00,,,,
855,699,MUN CBC 9MM LUGER ETOG 124GR TREINA C,Munição,100,5.75,575.00,,,,
856,700,MUN CBC 9MM LUGER ETOG 124GR TREINA C,Munição,50,5.75,287.50,,,,
857,700,MUN CBC 9MM LUGER ETOG 124GR,Munição,40,7.65,306.00,,,,
858,700,MUN CBC .380 AUTO+P EXPO 85GR G. HEX BLST C,Munição,50,15.53,776.50,,,,
859,701,MUN CBC .380 AUTO ETOG 95GR BLST C,Munição,30,7.65,229.50,,,,
860,701,MUN CBC .380 AUTO+P EXPO 85GR G. HEX BLST C,Munição,20,15.53,310.60,,,,
861,702,MUN CBC 9MM LUGER EOOG 124GR NTA C,Munição,50,5.35,267.50,,,,
862,703,CART CBC .22LR CHOG 40GR TARGET 300 C,Munição,300,1.32,396.00,,,,
863,704,CART CBC .22LR CHOG 40GR TARGET 300 C,Munição,300,1.32,396.00,,,,
864,705,MUN CBC 38SPL CHOG 158GR BLST C,Munição,50,5.00,250.00,,,,
865,706,MUN CBC 9MM LUGER EOOG 124GR NTA C,Munição,100,5.35,535.00,,,,
866,707,MUN CBC .380 AUTO ETOG 95GR BLST C,Munição,10,7.65,76.50,,,,
867,708,MUN CBC 38SPL CHOG 158GR BLST C,Munição,10,8.59,85.90,,,,
868,709,MUN CBC .380 AUTO ETOG 95GR BLST C,Munição,10,7.65,76.50,,,,
869,710,MUN CBC 38SPL EOPP 158GR NTA C,Munição,50,6.12,306.00,,,,
870,711,"CARABINA PRESSÃO JADE NEW 5,5MM OX PP MI",Produtos Simples,1,432.13,432.13,,,,
871,712,MUN CBC 9MM LUGER ETOG 124GR,Munição,20,7.65,153.00,,,,
872,713,CART CBC 12/70 SUPER VELOX CH-3T,Munição,50,8.15,407.50,,,,
873,714,MUN CBC 9MM LUGER ETOG 124GR,Munição,10,7.65,76.50,,,,
874,715,MUN CBC 9MM LUGER EOOG 124GR NTA C,Munição,50,5.35,267.50,,,,
875,715,MUN CBC 9MM LUGER ETOG 124GR,Munição,20,7.65,153.00,,,,
876,716,CART CBC 12/70 CH-7 1/2 F150,Munição,100,2.26,226.00,,,,
877,717,CART CBC 12/70 CH-7 1/2 F150,Munição,100,2.26,226.00,,,,
878,718,CART CBC 12/70 CH-7 1/2 T200,Munição,200,3.60,720.00,,,,
879,719,MUN CBC 9MM LUGER EOOG 124GR NTA C,Munição,100,3.50,350.00,,,,
880,720,MUN CBC 38SPL CHOG 158GR BLST C,Munição,10,8.59,85.90,,,,
881,721,MUN CBC .380 AUTO ETOG 95GR BLST C,Munição,70,7.65,535.50,,,,
882,722,MUN CAL .38SPL LPC 158GR POLYMATCH CX50,Munição,50,2.00,100.00,,,,
883,723,MUN CBC 9MM LUGER ETOG 124GR TREINA C,Munição,100,5.75,575.00,,,,
884,724,MUN CBC 9MM LUGER ETOG 124GR,Munição,50,4.50,225.00,,,,
885,725,MUN CBC 9MM LUGER ETOG 124GR TREINA C,Munição,50,5.75,287.50,,,,
886,725,MUN CBC .380 AUTO ETOG 95GR BLST C,Munição,30,7.65,229.50,,,,
887,726,CART CBC 12/70 CH-7 1/2 T200,Munição,25,5.64,141.00,,,,
888,727,MUN CAL .38SPL LPC 158GR POLYMATCH CX50,Munição,50,5.29,264.50,,,,
889,728,MUN CBC 9MM LUGER ETOG 124GR,Munição,10,7.65,76.50,,,,
890,729,MUN CCI 17HMR POLY TIP 17GR,Munição,50,8.30,415.00,,,,
891,729,MUN CBC 9MM LUGER EOOG 124GR NTA C,Munição,200,5.35,1070.00,,,,
892,730,CART CBC 12/70 CH-7 1/2 T200,Munição,25,5.64,141.00,,,,
893,731,MUN CBC .40S&W ETPP 180GR BLIS C,Munição,40,5.00,200.00,,,,
894,732,MUN CBC .40S&W ETPP 180GR BLIS C,Munição,40,10.00,400.00,,,,
895,733,MUN CBC 38SPL CHOG 158GR BLST C,Munição,50,8.59,429.50,,,,
896,733,MUN CBC 9MM LUGER ETOG 124GR,Munição,50,7.65,382.50,,,,
897,734,MUN CBC .380 AUTO ETOG 95GR BLST C,Munição,20,7.65,153.00,,,,
898,735,MUN CBC 9MM LUGER EOOG 124GR NTA C,Munição,150,5.35,802.50,,,,
899,736,MUN CBC 38SPL EOPP 158GR NTA C,Munição,50,6.12,306.00,,,,
900,736,MUN CBC 38SPL CHOG 158GR BLST C,Munição,10,8.00,80.00,,,,
901,737,CART CBC 12/70 CH-7 1/2 T200,Munição,25,5.64,141.00,,,,
902,738,MUN CBC 9MM LUGER ETOG 124GR,Munição,30,7.65,229.50,,,,
903,739,MUN CBC 9MM LUGER ETOG 124GR,Munição,20,3.63,72.60,,,,
904,740,MUN CBC 38SPL CHOG 158GR BLST C,Munição,10,8.00,80.00,,,,
905,741,MUN CBC 9MM LUGER ETOG 124GR,Munição,20,7.65,153.00,,,,
906,741,MUN CBC 9MM LUGER EXPO +P 135GR P.SHOCK BL C,Munição,10,15.88,158.80,,,,
907,742,MUN CBC 9MM LUGER ETOG 124GR TREINA C,Munição,100,5.75,575.00,,,,
908,743,MUN CBC 9MM LUGER ETOG 124GR,Munição,30,7.65,229.50,,,,
909,744,MUN CBC 38SPL CHOG 158GR BLST C,Munição,50,8.00,400.00,,,,
910,745,MUN CBC 9MM LUGER EOOG 124GR NTA C,Munição,50,5.35,267.50,,,,
911,746,MUN CBC 9MM LUGER EOOG 124GR NTA C,Munição,50,5.35,267.50,,,,
912,747,MUN CBC 9MM LUGER EOOG 124GR NTA C,Munição,150,5.08,762.00,,,,
913,748,MUN CBC 9MM LUGER ETOG 124GR,Munição,30,7.65,229.50,,,,
914,749,MUN CAL .40 S&W LPC 165GR POLYMATCH CX50,Munição,50,6.50,325.00,,,,
915,749,MUN CBC 9MM LUGER EOOG 124GR NTA C,Munição,50,5.35,267.50,,,,
916,750,MUN CBC 38SPL CHOG 158GR BLST C,Munição,40,8.00,320.00,,,,
917,751,MUN CAL .40 S&W LPC 165GR POLYMATCH CX50,Munição,50,6.50,325.00,,,,
918,751,MUN CBC 9MM LUGER EOOG 124GR NTA C,Munição,50,5.35,267.50,,,,
919,752,MUN CBC 9MM LUGER ETOG 124GR TREINA C,Munição,50,6.47,323.50,,,,
920,753,PÓLVORA CBC 266 EMB. 1KG,Produtos Controlados,1,1600.00,1600.00,,,,
921,753,MUN CBC 9MM LUGER ETOG 124GR TREINA C,Munição,50,6.47,323.50,,,,
922,753,MUN CBC 9MM LUGER EXPO +P 135GR P.SHOCK BL C,Munição,30,15.88,476.40,,,,
923,754,MUN CBC 38SPL EOPP 158GR NTA C,Munição,50,6.12,306.00,,,,
924,755,PÓLVORA CBC 216 EMB. 1KG,Produtos Controlados,1,1000.00,1000.00,,,,
925,756,FOGAREIRO FRONTIER UNICA,Produtos Simples,1,140.00,140.00,,,,
926,756,REFIL DE CAMPGAS MAÇARICO 227G,Produtos Simples,1,12.90,12.90,,,,
927,756,CANIVETE MULTIPLO PRATAPRATA,Produtos Simples,1,46.61,46.61,,,,
928,757,CRÉDITO DESPACHANTE,Serviço,1,200.00,200.00,,,,
929,758,MUN CBC 9MM LUGER ETOG 124GR TREINA C,Munição,50,6.47,323.50,,,,
930,759,MUN CBC 38SPL CHOG 158GR BLST C,Munição,30,8.00,240.00,,,,
931,759,MUN CBC 38SPL EXPO 158GR BLST C,Munição,20,11.75,235.00,,,,
932,760,MUN CBC 9MM LUGER ETOG 124GR,Munição,10,7.65,76.50,,,,
933,761,OLEO LUBRIFICANTE MAG 30ML,Produtos Simples,1,49.90,49.90,,,,
934,762,CART CBC 22WMR EXPO 40GR HUNTER C,Munição,50,4.69,234.50,,,,
935,763,CRÉDITO DESPACHANTE,Serviço,1,100.00,100.00,,,,
936,764,PÓLVORA CBC 216 EMB. 1KG,Produtos Controlados,1,900.00,900.00,,,,
937,765,MUN CBC 9MM LUGER ETOG 124GR,Munição,100,7.65,765.00,,,,
938,766,CART CBC 12/70 CH-7 1/2 F150,Munição,50,5.26,263.00,,,,
939,767,MUN CBC 38SPL CHOG 158GR BLST C,Munição,10,8.00,80.00,,,,
940,768,CART CBC 12/70 CH-7 1/2 F150,Munição,50,5.26,263.00,,,,
941,769,MUN CBC .380 AUTO ETOG 95GR BLST C,Munição,30,7.65,229.50,,,,
942,770,MUN CBC 9MM LUGER ETOG 124GR TREINA C,Munição,150,6.47,970.50,,,,
943,770,MUN CBC 9MM LUGER ETOG 124GR,Munição,40,7.65,306.00,,,,
944,771,MUN CBC .380 AUTO ETOG 95GR BLST C,Munição,20,7.65,153.00,,,,
945,772,MUN CBC 9MM LUGER EXPO +P 135GR P.SHOCK BL C,Munição,10,15.88,158.80,,,,
946,773,MUN CBC 9MM LUGER ETOG 124GR TREINA C,Munição,50,6.47,323.50,,,,
947,774,CART CBC 12/70 SUPER VELOX CH-3T,Munição,25,8.15,203.75,,,,
948,775,MUN CBC 9MM LUGER EXPO +P 135GR P.SHOCK BL C,Munição,10,15.88,158.80,,,,
949,775,MUN CBC 9MM LUGER ETOG 124GR TREINA C,Munição,50,6.47,323.50,,,,
950,776,MUN CCI 17HMR POLY TIP 17GR,Munição,50,8.30,415.00,,,,
951,777,MUN CBC .380 AUTO ETOG 95GR TREINA C,Munição,50,6.24,312.00,,,,
952,778,MUN CAL .38SPL LPC 158GR POLYMATCH CX50,Munição,50,5.29,264.50,,,,
953,778,MUN CAL .380 AUTO LPC 95GR POLYMATCH C,Munição,50,6.24,312.00,,,,
954,778,MUN CBC 9MM LUGER ETOG 124GR TREINA C,Munição,50,6.47,323.50,,,,
955,778,MUN CAL .380 AUTO LPC 95GR POLYMATCH C,Munição,50,6.24,312.00,,,,
956,779,MUN CAL .38SPL LPC 158GR POLYMATCH CX50,Munição,50,5.29,264.50,,,,
957,780,"CAIXA TERMICA COLEMAN 28QT (26,5 LITROS) PERSONAL VERDE",Produtos Simples,1,208.99,208.99,,,,
958,780,BONE BROWNING SARATOGA,Produtos Simples,1,159.38,159.38,,,,
959,780,BONE BROWNING DIGI BLAZE,Produtos Simples,1,159.38,159.38,,,,
960,781,MUN CBC 9MM LUGER ETOG 124GR,Munição,20,7.65,153.00,,,,
961,782,MUN CBC 38SPL EXPO 158GR BLST C,Munição,10,11.75,117.50,,,,
962,783,MUN CBC .380 AUTO ETOG 95GR TREINA C,Munição,100,6.24,624.00,,,,
963,784,MUN CBC 9MM LUGER ETOG 124GR TREINA C,Munição,50,6.47,323.50,,,,
964,785,MUN CBC 9MM LUGER ETOG 124GR TREINA C,Munição,50,6.47,323.50,,,,
965,786,CART CBC .22LR CHOG 40GR TARGET 300 C,Munição,1200,0.72,864.00,,,,
966,787,MUN CCI 17HMR POLY TIP 17GR,Munição,50,8.30,415.00,,,,
967,788,MUN CBC 38SPL EXPO 158GR BLST C,Munição,20,11.75,235.00,,,,
968,788,MUN CBC 38SPL CHOG 158GR BLST C,Munição,20,8.00,160.00,,,,
969,789,MUN CBC 38SPL EXPO 158GR BLST C,Munição,20,11.75,235.00,,,,
970,790,MUN CBC 9MM LUGER ETOG 124GR TREINA C,Munição,50,6.47,323.50,,,,
971,791,MUN CBC 9MM LUGER ETOG 124GR TREINA C,Munição,50,6.47,323.50,,,,
972,792,CART CBC 28/70 CH-T PLAST,Munição,25,2.60,65.00,,,,
973,793,CART CBC .22LR CHOG 40GR TARGET 300 C,Munição,600,0.53,318.00,,,,
974,793,CART CBC .22LR CHPO 33gr HUNTER HYPER,Munição,50,0.58,29.00,,,,
975,794,MUN CBC .380 AUTO ETOG 95GR BLST C,Munição,30,7.65,229.50,,,,
976,795,CART CBC .22LR CHPO 33gr HUNTER HYPER,Munição,50,1.84,92.00,,,,
977,795,CART CBC .22LR CHPO 33gr HUNTER HYPER,Munição,50,1.84,92.00,,,,
978,796,CART CBC 28/70 CH-T PLAST,Munição,25,6.36,159.00,,,,
979,797,CART CBC 28/70 CH-T PLAST,Munição,25,6.36,159.00,,,,
980,798,MUN CBC 38SPL EXPO 158GR BLST C,Munição,10,5.50,55.00,,,,
981,798,CART CBC 28/70 CH-T PLAST,Munição,25,2.50,62.50,,,,
982,799,MUN CBC 9MM LUGER EXPO +P 135GR P.SHOCK BL C,Munição,20,15.88,317.60,,,,
983,799,MUN CBC 9MM LUGER ETOG 124GR,Munição,30,7.65,229.50,,,,
984,800,CJ CARREGADOR 15T CAL. 9X19 MECGAR,Produtos Controlados,1,0.10,0.10,,,,
985,801,MUN CBC 32SWL CHOG 98GR BLST C,Munição,10,3.50,35.00,,,,
986,802,CART CBC .22LR CHOG 40GR TARGET 300 C,Munição,300,1.12,336.00,,,,
987,803,MUN CBC 9MM LUGER ETOG 124GR,Munição,10,7.65,76.50,,,,
988,804,MUN CBC .380 AUTO ETOG 95GR BLST C,Munição,10,7.65,76.50,,,,
989,804,MUN CBC .380 AUTO ETOG 95GR BLST C,Munição,10,7.65,76.50,,,,
990,805,CART CBC 28/70 CH-T PLAST,Munição,50,6.36,318.00,,,,
991,806,CART CBC 28/70 CH-T PLAST,Munição,25,6.36,159.00,,,,
992,807,CART CBC .22LR CHOG 40GR TARGET 300 C,Munição,300,1.12,336.00,,,,
993,808,CART CBC .22LR CHOG 40GR TARGET 300 C,Munição,300,1.12,336.00,,,,
994,809,CART CBC .22LR CHPO 33gr HUNTER HYPER,Munição,50,1.84,92.00,,,,
995,810,CART CBC .22LR CHPO 33gr HUNTER HYPER,Munição,300,1.84,552.00,,,,
996,811,CART CBC .22LR CHPO 33gr HUNTER HYPER,Munição,250,1.84,460.00,,,,
997,812,CART CBC 28/70 CH-T PLAST,Munição,75,6.36,477.00,,,,
998,813,MUN CBC 9MM LUGER ETOG 124GR,Munição,10,7.65,76.50,,,,
999,813,MUN CBC 38SPL CHOG 158GR BLST C,Munição,10,8.00,80.00,,,,
1000,814,MUN CAL .380 AUTO LPC 95GR POLYMATCH C,Munição,150,6.24,936.00,,,,
1001,815,MUN CAL .380 AUTO LPC 95GR POLYMATCH C,Munição,150,6.24,936.00,,,,
1002,816,CART CBC .22LR CHOG 40GR TARGET 300 C,Munição,300,1.12,336.00,,,,
1003,817,MUN CBC .357MAG EXPP 158GR TREINA C,Munição,50,7.18,359.00,,,,
1004,818,MUN CBC 9MM LUGER ETOG 124GR,Munição,10,7.65,76.50,,,,
1005,822,CART CBC 22WMR ETOG 40GR TARGET C,Munição,50,5.00,250.00,,,,
1006,822,CART CBC 22WMR ETOG 40GR TARGET C,Munição,50,5.00,250.00,,,,
1007,823,MUN CBC 9MM LUGER EXPO +P 135GR P.SHOCK BL C,Munição,10,18.70,187.00,,,,
1008,823,MUN CBC 9MM LUGER ETOG 124GR,Munição,10,8.90,89.00,,,,
1009,823,KIT LIMPEZA ARMA CURTA RICHTER TATICOS CAL.380/.38/.9MM/.357,Produtos Simples,1,99.00,99.00,,,,
1010,824,MUN CBC .380 AUTO ETOG 95GR BLST C,Munição,10,7.93,79.30,,,,
1011,825,RED DOT TATICO VECTOR CONDOR 2X42 RGD,Produtos Simples,1,499.90,499.90,,,,
1012,826,CART CBC .22LR CHOG 40GR TARGET 300 C,Munição,300,1.58,474.00,,,,
1013,827,CART CBC .22LR CHOG 40GR TARGET 300 C,Munição,300,1.58,474.00,,,,
1014,828,MUN CBC 9MM LUGER ETOG 124GR,Munição,20,8.90,178.00,,,,
1015,829,CART CBC 12/70 KNOCK VELOX CH-SG,Munição,25,8.99,224.75,,,,
1016,830,CART CBC 20/70 CH-3T PLAST,Munição,10,9.35,93.50,,,,
1017,831,MUN CBC 9MM LUGER ETOG 124GR,Munição,10,8.90,89.00,,,,
1018,831,MUN CBC 9MM LUGER EXPO +P 135GR P.SHOCK BL C,Munição,10,18.70,187.00,,,,
1019,832,CART CBC 28/70 CH-T PLAST,Munição,10,8.50,85.00,,,,
1020,833,CART CBC 20/70 CH-3T PLAST,Munição,30,9.35,280.50,,,,
1021,834,MUN CBC .380 AUTO ETOG 95GR TREINA C,Munição,50,6.83,341.50,,,,
1022,835,MUN CBC .357MAG EXPP 158GR TREINA C,Munição,150,7.18,1077.00,,,,
1023,836,CART CBC 28/70 CH-T PLAST,Munição,50,8.50,425.00,,,,
1024,838,MUN CBC 9MM LUGER ETOG 124GR,Munição,10,8.60,86.00,,,,
1025,838,MUN CBC 9MM LUGER EXPO +P 135GR P.SHOCK BL C,Munição,10,18.70,187.00,,,,
1026,839,MUN CBC 38SPL CHOG 158GR BLST C,Munição,20,9.48,189.60,,,,
1027,840,MUN CBC .40S&W ETPP 180GR BLIS C,Munição,10,11.91,119.10,,,,
1028,841,MUN CBC 9MM LUGER ETOG 124GR TREINA C,Munição,450,7.20,3240.00,,,,
1029,842,MUN CBC 9MM LUGER ETOG 124GR,Munição,30,8.90,267.00,,,,
1030,843,MUN CBC .380 AUTO ETOG 95GR TREINA C,Munição,50,6.83,341.50,,,,
1031,843,CART CBC 12/70 KNOCK VELOX CH-SG,Munição,50,8.99,449.50,,,,
1032,843,CART CBC .22LR CHOG 40GR TARGET 300 C,Munição,300,1.58,474.00,,,,
1033,844,MUN CBC 9MM LUGER ETOG 124GR,Munição,30,8.90,267.00,,,,
1034,845,MUN CBC .380 AUTO+P EXPO 85GR G. HEX BLST C,Munição,10,15.53,155.30,,,,
1035,845,MUN CBC .380 AUTO ETOG 95GR BLST C,Munição,10,7.93,79.30,,,,
1036,846,MUN CBC 38SPL CHOG 158GR BLST C,Munição,30,9.48,284.40,,,,
1037,847,MUN CBC 38SPL CHOG 158GR BLST C,Munição,10,9.48,94.80,,,,
1038,848,MUN CBC .45AUTO ETOG 230GR BLIS C,Munição,20,12.49,249.80,,,,
1039,849,MUN CBC 9MM LUGER ETOG 124GR TREINA C,Munição,50,7.20,360.00,,,,
1040,850,CART CBC .22LR CHOG 40GR TARGET C,Munição,100,1.65,165.00,,,,
1041,851,MUN CBC 38SPL CHOG 158GR BLST C,Munição,30,9.48,284.40,,,,
1042,852,CART CBC .22LR CHOG 40GR TARGET C,Munição,150,1.65,247.50,,,,
1043,853,SERVIÇOS DE DESPACHANTE,Serviço,1,1600.00,1600.00,,,,
1044,854,MUN CBC .38TPC ETOG 124GR BLIS C,Munição,10,8.00,80.00,,,,
1045,854,MUN CBC .38TPC GOLD HEX EXPO 124GR,Munição,10,17.90,179.00,,,,
1046,855,MUN CBC .38TPC GOLD HEX EXPO 124GR,Munição,10,17.90,179.00,,,,
1047,855,MUN CBC .38TPC ETOG 124GR BLIS C,Munição,10,8.00,80.00,,,,
1048,856,CART CBC .22LR CHPO 33gr HUNTER HYPER,Munição,50,2.07,103.50,,,,
1049,856,CART CBC .22LR CHOG 40GR TARGET C,Munição,200,1.65,330.00,,,,
1050,856,CART CBC .22LR CHOG 40GR TARGET 300 C,Munição,300,1.58,474.00,,,,
1051,857,MUN CBC 9MM LUGER ETOG 124GR,Munição,10,8.50,85.00,,,,
1052,858,MUN CBC 38SPL CHOG 158GR BLST C,Munição,20,9.48,189.60,,,,
1053,859,MUN CBC .38TPC ETOG 124GR BLIS C,Munição,10,8.00,80.00,,,,
1054,860,MUN CBC .38TPC ETOG 124GR BLIS C,Munição,20,8.00,160.00,,,,
1055,861,MUN CBC .380 AUTO ETOG 95GR TREINA C,Munição,50,6.83,341.50,,,,
1056,861,MUN CBC .380 AUTO ETOG 95GR BLST C,Munição,10,7.93,79.30,,,,
1057,862,MUN CBC .380 AUTO ETOG 95GR TREINA C,Munição,100,6.83,683.00,,,,
1058,863,MUN CBC 9MM LUGER ETOG 124GR,Munição,30,8.50,255.00,,,,
1059,863,MUN CBC 9MM LUGER ETOG 124GR TREINA C,Munição,50,7.20,360.00,,,,
1060,864,MUN CBC .40S&W EXPO 155GR BONDED BLIS C,Munição,20,19.50,390.00,,,,
1061,865,CART CBC .22LR CHOG 40GR TARGET C,Munição,150,1.65,247.50,,,,
1062,866,MUN CBC .380 AUTO ETOG 95GR BLST C,Munição,10,7.93,79.30,,,,
1063,866,MUN CBC .380 AUTO ETOG 95GR BLST C,Munição,10,7.93,79.30,,,,
1064,867,MUN CBC 9MM LUGER ETOG 124GR,Munição,10,8.50,85.00,,,,
1065,868,CART CBC .22LR CHOG 40GR TARGET C,Munição,50,1.65,82.50,,,,
1066,869,CART CBC 20/70 CH-3T PLAST,Munição,10,9.35,93.50,,,,
1067,870,MUN CBC 38SPL CHOG 158GR BLST C,Munição,10,9.48,94.80,,,,
1068,871,CART CBC .22LR CHOG 40GR TARGET C,Munição,150,1.65,247.50,,,,
1069,872,SERVIÇOS DE DESPACHANTE,Serviço,1,1300.00,1300.00,,,,
1070,873,SERVIÇOS DE DESPACHANTE SINARM,Serviço,1,1300.00,1300.00,,,,
1071,874,MUN CBC .38TPC ETOG 124GR BLIS C,Munição,40,8.00,320.00,,,,
1072,874,MUN CBC .38TPC GOLD HEX EXPO 124GR,Munição,10,17.90,179.00,,,,
1073,875,MUN CBC 9MM LUGER ETOG 124GR,Munição,20,8.50,170.00,,,,
1074,876,CART CBC 20/70 CH-3T PLAST,Munição,30,9.35,280.50,,,,
1075,877,MUN CAL .40 S&W LPC 165GR POLYMATCH CX50,Munição,50,7.56,378.00,,,,
1076,878,MUN CBC .40S&W EXPO 155GR BONDED BLIS C,Munição,20,19.50,390.00,,,,
1077,879,CART CBC .22LR CHPO 33gr HUNTER HYPER,Munição,50,2.07,103.50,,,,
1078,879,CART CBC .22LR CHPO 33gr HUNTER HYPER,Munição,50,2.07,103.50,,,,
1079,879,CART CBC .22LR CHPO 33gr HUNTER HYPER,Munição,50,2.07,103.50,,,,
1080,880,MUN CBC 9MM LUGER ETOG 124GR,Munição,30,8.50,255.00,,,,
1081,881,MUN CBC 9MM LUGER ETOG 124GR,Munição,30,8.50,255.00,,,,
1082,882,MUN CBC 9MM LUGER ETOG 124GR,Munição,60,8.50,510.00,,,,
1083,883,CART CBC 22WMR ETOG 40GR TARGET C,Munição,100,5.00,500.00,,,,
1084,883,CART CBC 22WMR EXPO 40GR HUNTER C,Munição,100,4.69,469.00,,,,
1085,883,CART CBC .22LR CHOG 40GR TARGET 300 C,Munição,300,1.58,474.00,,,,
1086,884,CART CBC 28/70 CH-T PLAST,Munição,20,7.20,144.00,,,,
1087,885,CART CBC .22LR CHOG 40GR TARGET C,Munição,100,1.65,165.00,,,,
1088,886,CART CBC 28/70 CH-T PLAST,Munição,120,7.20,864.00,,,,
1089,887,CART CBC 20/70 CH-3T PLAST,Munição,50,9.35,467.50,,,,
1090,888,MUN CBC 38SPL CHOG 158GR BLST C,Munição,10,9.48,94.80,,,,
1091,889,CART CBC 28/70 CH-T PLAST,Munição,10,7.20,72.00,,,,
1092,890,CART CBC 20/70 CH-3T PLAST,Munição,10,9.35,93.50,,,,
1093,891,CART CBC 20/70 CH-3T PLAST,Munição,10,9.35,93.50,,,,
1094,892,CART CBC 20/70 CH-3T PLAST,Munição,10,9.35,93.50,,,,
1095,893,MUN CBC 9MM LUGER ETOG 124GR,Munição,10,8.50,85.00,,,,
1096,893,MUN CBC 9MM LUGER ETOG 124GR TREINA C,Munição,50,7.20,360.00,,,,
1097,894,CART CBC 28/70 CH-T PLAST,Munição,50,7.20,360.00,,,,
1098,895,CART CBC 28/70 CH-T PLAST,Munição,50,7.20,360.00,,,,
1099,896,MUN CBC 38SPL CHOG 158GR BLST C,Munição,30,9.48,284.40,,,,
1100,897,MUN CBC .40 S&W ETPP 180GR TREINA,Munição,50,7.98,399.00,,,,
1101,898,CART CBC .22LR CHOG 40GR TARGET 300 C,Munição,600,1.58,948.00,,,,
1102,899,MUN CBC .40S&W ETPP 180GR BLIS C,Munição,30,10.64,319.20,,,,
1103,899,MUN CAL .40 S&W LPC 165GR POLYMATCH CX50,Munição,100,7.56,756.00,,,,
1104,900,MUN CBC 9MM LUGER ETOG 124GR TREINA C,Munição,50,7.20,360.00,,,,
1105,901,MUN CBC 9MM LUGER ETOG 124GR TREINA C,Munição,50,7.20,360.00,,,,
1106,901,MUN CBC 9MM LUGER ETOG 124GR,Munição,10,8.50,85.00,,,,
1107,902,MUN CBC 9MM LUGER ETOG 124GR TREINA C,Munição,50,5.04,252.00,,,,
1108,903,MUN CBC 9MM LUGER ETOG 124GR,Munição,10,8.50,85.00,,,,
1109,904,MUN CBC 38SPL CHOG 158GR BLST C,Munição,10,9.48,94.80,,,,
1110,905,MUN CBC 9MM LUGER ETOG 124GR,Munição,20,8.50,170.00,,,,
1111,906,MUN CBC 9MM LUGER EXPO +P 135GR P.SHOCK BL C,Munição,20,17.99,359.80,,,,
1112,907,MUN CBC 9MM LUGER ETOG 124GR,Munição,40,8.50,340.00,,,,
1113,907,MUN CBC 9MM LUGER EXPO +P 135GR P.SHOCK BL C,Munição,10,17.99,179.90,,,,
1114,907,MUN CBC 9MM LUGER ETOG 124GR TREINA C,Munição,50,7.20,360.00,,,,
1115,908,MUN CBC 9MM LUGER ETOG 124GR,Munição,20,8.50,170.00,,,,
1116,909,MUN CBC 9MM LUGER ETOG 124GR TREINA C,Munição,200,7.20,1440.00,,,,
1117,910,MUN CBC 9MM LUGER ETOG 124GR,Munição,10,8.50,85.00,,,,
1118,911,CART CBC 22WMR EXPO 40GR HUNTER C,Munição,50,4.69,234.50,,,,
1119,912,MUN CBC 38SPL CHOG 158GR BLST C,Munição,10,9.48,94.80,,,,
1120,913,MUN CBC 9MM LUGER EXPO +P 135GR P.SHOCK BL C,Munição,20,17.99,359.80,,,,
1121,914,MUN CBC 38SPL CHOG 158GR BLST C,Munição,10,9.48,94.80,,,,
1122,915,SERVIÇOS DE DESPACHANTE SINARM,Serviço,1,1300.00,1300.00,,,,
1123,916,SERVIÇOS DE DESPACHANTE SINARM,Serviço,1,1300.00,1300.00,,,,
1124,917,SERVIÇOS DE DESPACHANTE SINARM,Serviço,1,1.00,1.00,,,,
1125,918,SERVIÇOS DE DESPACHANTE,Serviço,1,1300.00,1300.00,,,,
1126,919,MUN CBC 38SPL CHOG 158GR BLST C,Munição,10,9.48,94.80,,,,
1127,920,LUNETA PONTARIA 4X32 SUPORTES MI,Produtos Simples,1,359.90,359.90,,,,
1128,921,MUN CBC .380 AUTO+P EXPO 85GR G. HEX BLST C,Munição,10,15.53,155.30,,,,
1129,921,MUN CBC .380 AUTO ETOG 95GR BLST C,Munição,10,7.93,79.30,,,,
1130,922,MUN CBC .38TPC ETOG 124GR BLIS C,Munição,10,8.00,80.00,,,,
1131,923,CART FIOCCHI .20/70 SLUG BALOTE PERFORMANCE,Munição,10,12.93,129.30,,,,
1132,924,CART FIOCCHI .20/70 SLUG BALOTE PERFORMANCE,Munição,10,12.93,129.30,,,,
1133,925,MUN CBC 38SPL EXPO 158GR BLST C,Munição,40,11.75,470.00,,,,
1134,926,MUN CBC 38SPL EXPO 158GR BLST C,Munição,40,11.75,470.00,,,,
1135,927,MUN CBC .380 AUTO ETOG 95GR BLST C,Munição,10,7.93,79.30,,,,
1136,928,CART CBC 28/70 CH-T PLAST,Munição,15,7.20,108.00,,,,
1137,929,LUNETA VICTORPTICS B1 4x32C,Produtos Simples,1,450.00,450.00,,,,
1138,930,MUN CBC 38SPL CHOG 158GR BLST C,Munição,20,9.48,189.60,,,,
1139,931,COLIMADOR VECTOR UNIVERSAL,Produtos Simples,1,160.00,160.00,,,,
1140,931,RedDot Fenzy-S 1x17x24 MIC Vector,Produtos Simples,1,699.00,699.00,,,,
1141,932,CART CBC 22WMR EXPO 40GR HUNTER C,Munição,50,4.69,234.50,,,,
1142,933,MUN CBC 9MM LUGER EXPO +P 135GR P.SHOCK BL C,Munição,20,17.99,359.80,,,,
1143,934,MUN CBC 9MM LUGER ETOG 124GR,Munição,10,8.15,81.50,,,,
1144,935,MUN CBC .357MAG EXPP 158GR TREINA C,Munição,50,7.18,359.00,,,,
1145,936,MUN CBC 9MM LUGER ETOG 124GR,Munição,30,8.15,244.50,,,,
1146,937,MUN CBC 9MM LUGER ETOG 124GR,Munição,20,8.15,163.00,,,,
1147,938,OCULOS INVICTUS FOCUS,Produtos Simples,1,219.00,219.00,,,,
1148,939,ÓCULOS TÁTICO INVICTUS FOCUS,Produtos Simples,1,219.00,219.00,,,,
1149,940,CART CBC 22WMR EXPO 40GR HUNTER C,Munição,150,4.69,703.50,,,,
1150,941,CART CBC 28/70 CH-T PLAST,Munição,30,7.20,216.00,,,,
1151,942,MUN CBC CAL .38TPC LPC 124GR POLYMATCH CX50,Munição,50,6.41,320.50,,,,
1152,943,MUN CBC 9MM LUGER EXPO +P 135GR P.SHOCK BL C,Munição,10,17.99,179.90,,,,
1153,944,MUN CBC 9MM LUGER EXPO +P 135GR P.SHOCK BL C,Munição,10,17.99,179.90,,,,
1154,944,MUN CBC 9MM LUGER ETOG 124GR,Munição,40,8.15,326.00,,,,
1155,945,CART CBC 22WMR EXPO 40GR HUNTER C,Munição,50,4.69,234.50,,,,
1156,946,MUN CBC .380 AUTO ETOG 95GR BLST C,Munição,30,7.93,237.90,,,,
1157,947,LUNETA PONTARIA 4X32 SUPORTES MI,Produtos Simples,1,359.90,359.90,,,,
1158,948,CART CBC 28/70 CH-T PLAST,Munição,20,7.20,144.00,,,,
1159,949,COTURNO BRUTE TRACTOR MID PRETO,Produtos Simples,1,599.99,599.99,,,,
1160,950,CART CBC 22WMR EXPO 40GR HUNTER C,Munição,100,4.69,469.00,,,,
1161,951,MUN CBC .40S&W EXPO 155GR BONDED BLIS C,Munição,10,19.50,195.00,,,,
1162,952,CART CBC 28/70 CH-T PLAST,Munição,50,7.20,360.00,,,,
1163,953,MUN CBC 9MM LUGER ETOG 124GR,Munição,10,7.70,77.00,,,,
1164,953,CART CBC 28/70 CH-T PLAST,Munição,10,7.20,72.00,,,,
1165,954,MUN CBC 9MM LUGER ETOG 124GR,Munição,10,7.50,75.00,,,,
1166,954,MUN CBC 9MM LUGER ETOG 124GR,Munição,10,8.15,81.50,,,,
1167,955,MUN CBC .380 AUTO ETOG 95GR BLST C,Munição,30,7.93,237.90,,,,
1168,956,CART CBC .22LR CHOG 40GR TARGET 300 C,Munição,300,1.40,420.00,,,,
1169,957,MUN CBC 38SPL EXPO 158GR BLST C,Munição,20,6.75,135.00,,,,
1170,957,CART CBC 28/70 CH-T PLAST,Munição,130,4.20,546.00,,,,
1171,958,CART CBC 28/70 CH-T PLAST,Munição,130,4.20,546.00,,,,
1172,959,MUN CBC 9MM LUGER ETOG 124GR,Munição,20,4.15,83.00,,,,
1173,960,MUN CBC 38SPL EXPO 158GR BLST C,Munição,20,11.75,235.00,,,,
1174,961,MUN CBC .380 AUTO ETOG 95GR TREINA C,Munição,50,6.83,341.50,,,,
1175,962,MUN CBC .40 S&W ETPP 180GR TREINA,Munição,50,7.98,399.00,,,,
1176,962,MUN CAL .40 S&W LPC 165GR POLYMATCH CX50,Munição,50,7.56,378.00,,,,
1177,963,MUN CBC CAL .38TPC LPC 124GR POLYMATCH CX50,Munição,50,6.41,320.50,,,,
1178,964,MUN CBC 9MM LUGER ETOG 124GR TREINA C,Munição,50,6.87,343.50,,,,
1179,965,CART CBC .22LR CHOG 40GR TARGET 300 C,Munição,600,0.80,480.00,,,,
1180,966,MUN CBC 9MM LUGER ETOG 124GR,Munição,50,8.15,407.50,,,,
1181,967,MUN CBC .380 AUTO ETOG 95GR BLST C,Munição,40,7.93,317.20,,,,
1182,967,MUN CBC .380 AUTO+P EXPO 85GR G. HEX BLST C,Munição,10,15.53,155.30,,,,
1183,968,MUN CBC 9MM LUGER ETOG 124GR TREINA C,Munição,100,6.87,687.00,,,,
1184,969,MUN CBC 38SPL EXPO 158GR BLST C,Munição,10,11.75,117.50,,,,
1185,970,MUN CBC 9MM LUGER ETOG 124GR,Munição,10,8.15,81.50,,,,
1186,971,MUN CBC .38TPC ETOG 124GR BLIS C,Munição,20,8.00,160.00,,,,
1187,972,MUN CBC 9MM LUGER EXPO +P 135GR P.SHOCK BL C,Munição,10,17.99,179.90,,,,
1188,972,MUN CBC 9MM LUGER ETOG 124GR TREINA C,Munição,150,6.87,1030.50,,,,
1189,973,MUN CBC 38SPL CHOG 158GR BLST C,Munição,30,4.48,134.40,,,,
1190,974,MUN CBC 9MM LUGER ETOG 124GR TREINA C,Munição,100,6.87,687.00,,,,
1191,975,CART CBC .22LR CHOG 40GR TARGET C,Munição,100,1.52,152.00,,,,
1192,976,CART CBC .22LR CHOG 40GR TARGET 300 C,Munição,300,0.75,225.00,,,,
1193,976,CART CBC .22LR CHOG 40GR TARGET C,Munição,300,0.75,225.00,,,,
1194,977,CART CBC .22LR CHOG 40GR TARGET 300 C,Munição,600,0.70,420.00,,,,
1195,978,MUN CAL .40 S&W LPC 165GR POLYMATCH CX50,Munição,50,7.56,378.00,,,,
1196,979,MUN CBC 9MM LUGER ETOG 124GR,Munição,20,8.15,163.00,,,,
1197,979,MUN CBC 9MM LUGER ETOG 124GR TREINA C,Munição,100,6.87,687.00,,,,
1198,980,MUN CBC 9MM LUGER ETOG 124GR,Munição,10,8.15,81.50,,,,
1199,981,MUN CBC .38TPC GOLD HEX EXPO 124GR,Munição,10,17.90,179.00,,,,
1200,981,MUN CBC .38TPC ETOG 124GR BLIS C,Munição,10,8.00,80.00,,,,
1201,982,CART CBC 12/70 KNOCK VELOX CH-SG,Munição,50,8.99,449.50,,,,
1202,983,MUN CBC .38SPL ETPP 158GR TREINA,Munição,100,6.11,611.00,,,,
1203,984,MUN CBC 38SPL CHOG 158GR BLST C,Munição,10,9.48,94.80,,,,
1204,985,MUN CBC .40S&W ETPP 180GR BLIS C,Munição,10,10.64,106.40,,,,
1205,986,MUN CBC .38SPL ETPP 158GR TREINA,Munição,50,6.11,305.50,,,,
1206,987,MUN CBC .380 AUTO ETOG 95GR TREINA C,Munição,50,6.83,341.50,,,,
1207,988,MUN CBC .380 AUTO ETOG 95GR TREINA C,Munição,100,6.83,683.00,,,,
1208,989,CART CBC 28/70 CH-T PLAST,Munição,30,7.20,216.00,,,,
1209,990,MUN CBC 9MM LUGER ETOG 124GR,Munição,30,8.15,244.50,,,,
1210,990,MUN CBC .380 AUTO ETOG 95GR BLST C,Munição,30,7.56,226.80,,,,
1211,991,CART CBC 12/70 KNOCK VELOX CH-SG,Munição,25,8.99,224.75,,,,
1212,992,MUN CBC .380 AUTO ETOG 95GR BLST C,Munição,20,5.56,111.20,,,,
1213,993,MUN CBC .40S&W ETPP 180GR BLIS C,Munição,80,8.64,691.20,,,,
1214,994,CART CBC 28/70 CH-T PLAST,Munição,20,4.20,84.00,,,,
1215,995,MUNIÇÃO CCI CAL 22 LR 40GR BLAZER LRN CX 50,Munição,50,2.30,115.00,,,,
1216,996,CART CBC .22LR CHOG 40GR TARGET C,Munição,100,0.65,65.00,,,,
1217,997,MUN CBC 38SPL CHOG 158GR BLST C,Munição,30,9.48,284.40,,,,
1218,998,CART CBC .22LR CHPO 33gr HUNTER HYPER,Munição,50,1.84,92.00,,,,
1219,999,MUN CBC 38SPL EXPO 158GR BLST C,Munição,10,11.75,117.50,,,,
1220,1000,CART CBC .22LR CHOG 40GR TARGET C,Munição,50,1.65,82.50,,,,
1221,1001,CART CBC .22LR CHOG 40GR TARGET C,Munição,50,0.65,32.50,,,,
1222,1001,CART CBC .22LR CHPO 33gr HUNTER HYPER,Munição,50,0.60,30.00,,,,
1223,1002,CART CBC 28/70 CH-T PLAST,Munição,10,7.20,72.00,,,,
1224,1003,CART CBC 12/70 KNOCK VELOX CH-SG,Munição,50,8.99,449.50,,,,
1225,1004,MUN CBC 9MM LUGER ETOG 124GR,Munição,20,8.15,163.00,,,,
1226,1005,MUN CBC .38SPL ETPP 158GR TREINA,Munição,50,6.11,305.50,,,,
1227,1006,MUN CBC .40S&W ETPP 180GR BLIS C,Munição,10,10.64,106.40,,,,
1228,1007,MUN CBC 9MM LUGER EXPO +P 135GR P.SHOCK BL C,Munição,20,17.90,358.00,,,,
1229,1008,CART CBC .22LR CHOG 40GR TARGET C,Munição,50,1.65,82.50,,,,
1230,1009,PÓLVORA CBC 266 EMB. 1KG,Produtos Controlados,1,1350.00,1350.00,,,,
1231,1010,MUN CBC 9MM LUGER EXPO +P 135GR P.SHOCK BL C,Munição,30,17.90,537.00,,,,
1232,1011,MUN CBC CAL .38TPC LPC 124GR POLYMATCH CX50,Munição,50,6.41,320.50,,,,
1233,1012,MUN CBC 9MM LUGER ETOG 124GR,Munição,10,8.15,81.50,,,,
1234,1012,MUN CBC 9MM LUGER EXPO +P 135GR P.SHOCK BL C,Munição,10,17.90,179.00,,,,
1235,1013,CART CBC 12/70 KNOCK VELOX CH-SG,Munição,25,8.99,224.75,,,,
1236,1014,MUN CBC 9MM LUGER ETOG 124GR TREINA C,Munição,400,6.68,2672.00,,,,
1237,1015,MUN CBC .380 AUTO ETOG 95GR BLST C,Munição,10,7.56,75.60,,,,
1238,1016,CART CBC 28/70 CH-T PLAST,Munição,20,7.20,144.00,,,,
1239,1017,CART CBC .22LR CHOG 40GR TARGET C,Munição,100,1.65,165.00,,,,
1240,1018,CART CBC 22WMR EXPO 40GR HUNTER C,Munição,50,4.69,234.50,,,,
1241,1019,MUNICAO FEDERAL CALIBRE 22 LR CHAMPION AUTOMATCHGR HP CX 325,Munição,650,2.30,1495.00,,,,
1242,1020,CART CBC .22LR CHOG 40GR TARGET C,Munição,250,0.65,162.50,,,,
1243,1021,MUN CBC 38SPL CHOG 158GR BLST C,Munição,400,9.48,3792.00,,,,
1244,1022,MUN CBC 38SPL EXPO 158GR BLST C,Munição,10,11.75,117.50,,,,
1245,1023,MUN CBC 9MM LUGER ETOG 124GR TREINA C,Munição,50,6.68,334.00,,,,
1246,1023,MUN CBC 9MM LUGER ETOG 124GR,Munição,30,8.15,244.50,,,,
1247,1024,MUN CBC 9MM LUGER ETOG 124GR TREINA C,Munição,150,6.68,1002.00,,,,
1248,1025,MUN CBC .380 AUTO ETOG 95GR TREINA C,Munição,50,6.83,341.50,,,,
1249,1027,MUN CBC .380 AUTO ETOG 95GR BLST C,Munição,30,7.56,226.80,,,,
1250,1028,MUN CBC .380 AUTO ETOG 95GR BLST C,Munição,10,7.56,75.60,,,,
1251,1029,CART CBC 12/70 SUPER VELOX CH-3T,Munição,50,8.15,407.50,,,,
1252,1029,CART CBC 12/70 KNOCK VELOX CH-SG,Munição,25,8.99,224.75,,,,
1253,1030,CART CBC 28/70 CH-T PLAST,Munição,20,7.20,144.00,,,,
1254,1031,CART CBC .22LR CHOG 40GR TARGET C,Munição,50,1.65,82.50,,,,
1255,1032,MUN CBC 9MM LUGER ETOG 124GR TREINA C,Munição,50,6.68,334.00,,,,
1256,1033,MUN CBC .40S&W ETPP 180GR BLIS C,Munição,20,10.64,212.80,,,,
1257,1033,MUN CBC .40S&W EXPO 155GR BONDED BLIS C,Munição,10,19.50,195.00,,,,
1258,1034,MUN CBC 38SPL CHOG 158GR BLST C,Munição,30,9.48,284.40,,,,
1259,1035,MUN CBC 9MM LUGER ETOG 124GR TREINA C,Munição,50,6.68,334.00,,,,
1260,1036,MUN CBC 9MM LUGER EXPO +P 135GR P.SHOCK BL C,Munição,10,17.90,179.00,,,,
1261,1037,MUN CBC 9MM LUGER ETOG 124GR TREINA C,Munição,50,6.68,334.00,,,,
1262,1038,MUN CBC .38TPC ETOG 124GR BLIS C,Munição,30,8.00,240.00,,,,
1263,1039,CART CBC 12/70 SUPER VELOX CH-3T,Munição,75,8.15,611.25,,,,
1264,1040,MUN CBC 9MM LUGER ETOG 124GR TREINA C,Munição,50,6.68,334.00,,,,
1265,1041,MUN CBC 9MM LUGER EXPO +P 135GR P.SHOCK BL C,Munição,30,17.90,537.00,,,,
1266,1042,MUN CBC 38SPL CHOG 158GR BLST C,Munição,30,9.48,284.40,,,,
1267,1043,MUN CBC 38SPL CHOG 158GR BLST C,Munição,20,9.48,189.60,,,,
1268,1044,CART CBC .22LR CHPO 33gr HUNTER HYPER,Munição,50,0.84,42.00,,,,
1269,1045,MUN CBC 9MM LUGER ETOG 124GR,Munição,50,6.15,307.50,,,,
1270,1045,MUN CBC 38SPL EXPO 158GR BLST C,Munição,50,10.75,537.50,,,,
1271,1046,MUN CBC 9MM LUGER ETOG 124GR,Munição,50,4.15,207.50,,,,
1272,1047,MUN CBC 38SPL CHOG 158GR BLST C,Munição,30,7.48,224.40,,,,
1273,1048,MUN CBC .40S&W ETPP 180GR BLIS C,Munição,30,5.64,169.20,,,,
1274,1049,CART CBC 22WMR ETOG 40GR TARGET C,Munição,50,4.69,234.50,,,,
1275,1049,MUN CBC .357MAG EXPP 158GR TREINA C,Munição,50,7.18,359.00,,,,
1276,1050,MUN CBC .357MAG EXPP 158GR TREINA C,Munição,50,7.18,359.00,,,,
1277,1050,CART CBC 22WMR EXPO 40GR HUNTER C,Munição,50,4.69,234.50,,,,
1278,1051,MUN CBC 9MM LUGER ETOG 124GR,Munição,20,8.15,163.00,,,,
1279,1052,MUN CBC .40 S&W ETPP 180GR TREINA,Munição,100,7.98,798.00,,,,
1280,1053,MUN CAL 9MM LUGER LPC 124GR POLYMATCH CX50,Munição,50,6.34,317.00,,,,
1281,1053,MUN CBC 9MM LUGER ETOG 124GR,Munição,20,8.15,163.00,,,,
1282,1054,MUN CBC 9MM LUGER ETOG 124GR,Munição,20,8.15,163.00,,,,
1283,1055,MUN CBC 38SPL EXPO 158GR BLST C,Munição,50,11.75,587.50,,,,
1284,1056,CART CBC 28/70 CH-T PLAST,Munição,20,3.20,64.00,,,,
1285,1057,CART CBC .22LR CHPO 33gr HUNTER HYPER,Munição,100,1.84,184.00,,,,
1286,1058,CART CBC .22LR CHOG 40GR TARGET C,Munição,50,0.65,32.50,,,,
1287,1058,MUN CBC 9MM LUGER ETOG 124GR TREINA C,Munição,50,1.68,84.00,,,,
1288,1059,MUN CBC 9MM LUGER ETOG 124GR,Munição,10,8.15,81.50,,,,
1289,1060,CART CBC 22WMR ETOG 40GR TARGET C,Munição,50,4.69,234.50,,,,
1290,1061,MUN CBC .45AUTO ETOG 230GR BLIS C,Munição,50,8.65,432.50,,,,
1291,1062,MUN CBC 9MM LUGER ETOG 124GR TREINA C,Munição,50,4.68,234.00,,,,
1292,1063,CART CBC .22LR CHPO 33gr HUNTER HYPER,Munição,50,0.84,42.00,,,,
1293,1064,MUN CAL 9MM LUGER LPC 124GR POLYMATCH CX50,Munição,50,6.34,317.00,,,,
1294,1065,MUN CBC .38SPL+P+EXPO 125GR BLST C,Munição,100,16.15,1615.00,,,,
1295,1065,CART CBC 12/70 SUPER VELOX CH-3T,Munição,25,8.15,203.75,,,,
1296,1065,CART CBC 12/70 CH-PROJSING BALOTE KNOCK SLUG,Munição,14,15.88,222.32,,,,
1297,1065,MUN CBC 38SPL CHOG 158GR BLST C,Munição,80,9.48,758.40,,,,
1298,1066,MUN CBC 9MM LUGER ETOG 124GR,Munição,30,8.15,244.50,,,,
1299,1067,MUN CBC 9MM LUGER ETOG 124GR,Munição,20,8.15,163.00,,,,
1300,1068,MUN CBC 9MM LUGER ETOG 124GR,Munição,20,8.15,163.00,,,,
1301,1069,MUN CBC 38SPL CHOG 158GR BLST C,Munição,50,6.48,324.00,,,,
1302,1070,MUN CBC 38SPL CHOG 158GR BLST C,Munição,50,9.48,474.00,,,,
1303,1071,MUN CCI 17HMR POLY TIP 17GR,Munição,100,4.30,430.00,,,,
1304,1072,MUN CBC 9MM LUGER EXPO +P 135GR P.SHOCK BL C,Munição,20,15.88,317.60,,,,
1305,1073,COLDRE KYDEX VELADO AUROK,Produtos Simples,1,250.00,250.00,,,,
1306,1074,MUN CAL 9MM LUGER LPC 124GR POLYMATCH CX50,Munição,100,6.34,634.00,,,,
1307,1074,MUN CBC 9MM LUGER EXPO +P 135GR P.SHOCK BL C,Munição,10,15.88,158.80,,,,
1308,1075,CART CBC 22WMR EXPO 40GR HUNTER C,Munição,50,4.69,234.50,,,,
1309,1076,CART CBC 28/70 CH-T PLAST,Munição,50,7.20,360.00,,,,
1310,1077,MUN CBC 38SPL CHOG 158GR BLST C,Munição,10,9.48,94.80,,,,
1311,1078,CART CBC .22LR CHOG 40GR TARGET C,Munição,100,1.65,165.00,,,,
1312,1078,MUNICAO FEDERAL CALIBRE 22 LR CHAMPION AUTOMATCHGR HP CX 325,Munição,325,2.30,747.50,,,,
1313,1079,MUN CBC 9MM LUGER ETOG 124GR,Munição,20,8.15,163.00,,,,
1314,1080,MUNIÇÃO REMINGTON CAL 22 LR HV THUNDERBOLT RN 40GR CX 50,Munição,150,1.30,195.00,,,,
1315,1081,MUN CBC 9MM LUGER ETOG 124GR TREINA C,Munição,50,6.68,334.00,,,,
1316,1082,BUMPER G2C SHOTGUN,Produtos Simples,1,79.90,79.90,,,,
1317,1083,MUN CBC 9MM LUGER ETOG 124GR TREINA C,Munição,50,6.68,334.00,,,,
1318,1084,MUN CBC 38SPL CHOG 158GR BLST C,Munição,30,9.48,284.40,,,,
1319,1085,MUN CBC .40S&W ETPP 180GR BLIS C,Munição,130,7.64,993.20,,,,
1320,1086,MUN CBC 38SPL CHOG 158GR BLST C,Munição,30,6.48,194.40,,,,
1321,1086,CART CBC 28/70 CH-T PLAST,Munição,25,5.20,130.00,,,,
1322,1087,CART CBC 28/70 CH-T PLAST,Munição,10,7.20,72.00,,,,
1323,1088,MUN CBC .357MAG EXPP 158GR TREINA C,Munição,50,1.18,59.00,,,,
1324,1089,MUN CBC 9MM LUGER ETOG 124GR TREINA C,Munição,100,6.68,668.00,,,,
1325,1090,MUN CCI 17HMR POLY TIP 17GR,Munição,100,4.50,450.00,,,,
1326,1091,MUNICAO FEDERAL CALIBRE 22 LR CHAMPION AUTOMATCHGR HP CX 325,Munição,975,2.30,2242.50,,,,
1327,1092,MUN CBC 9MM LUGER ETOG 124GR TREINA C,Munição,50,6.68,334.00,,,,
1328,1093,MUN CBC 38SPL EXPO 158GR BLST C,Munição,20,11.75,235.00,,,,
1329,1094,MUN CBC 9MM LUGER ETOG 124GR,Munição,20,8.15,163.00,,,,
1330,1094,MUN CBC 9MM LUGER EXPO +P 135GR P.SHOCK BL C,Munição,10,15.88,158.80,,,,
1331,1095,MUN CBC 9MM LUGER ETOG 124GR,Munição,10,8.15,81.50,,,,
1332,1096,MUN CBC 9MM LUGER ETOG 124GR,Munição,20,8.15,163.00,,,,
1333,1097,COLDRE INVICTUS KYDEX IWB 2.0 DESTRO PARA TAURUS SÉRIE 100 PRETO,Produtos Simples,1,369.00,369.00,,,,
1334,1098,MUNICAO FEDERAL CALIBRE 22 LR CHAMPION AUTOMATCHGR HP CX 325,Munição,325,2.30,747.50,,,,
1335,1099,PÓLVORA CBC 216 EMB. 1KG,Produtos Controlados,1,600.00,600.00,,,,
1336,1100,MUN CBC .357MAG EXPO 158GR BLIS C,Munição,10,11.60,116.00,,,,
1337,1101,MUN CBC .357MAG EXPO 158GR BLIS C,Munição,10,11.60,116.00,,,,
1338,1102,MUN CBC 38SPL CHOG 158GR BLST C,Munição,20,9.48,189.60,,,,
1339,1103,CART CBC .22LR CHPO 33gr HUNTER HYPER,Munição,150,1.84,276.00,,,,
1340,1104,MUN CBC .380 AUTO ETOG 95GR BLST C,Munição,50,7.56,378.00,,,,
1341,1105,MUNIÇÃO REMINGTON CAL 22 LR HV THUNDERBOLT RN 40GR CX 50,Munição,100,2.30,230.00,,,,
1342,1105,MUNIÇÃO CCI CAL 22 LR 40GR BLAZER LRN CX 50,Munição,100,2.30,230.00,,,,
1343,1106,MUNIÇÃO CCI CAL 22 LR 40GR BLAZER LRN CX 50,Munição,50,1.30,65.00,,,,
1344,1106,MUNICAO FEDERAL CALIBRE 22 LR CHAMPION AUTOMATCHGR HP CX 325,Munição,325,1.30,422.50,,,,
1345,1106,MUNIÇÃO REMINGTON CAL 22 LR HV THUNDERBOLT RN 40GR CX 50,Munição,50,1.30,65.00,,,,
1346,1107,MUN CBC 38SPL EXPO 158GR BLST C,Munição,10,11.75,117.50,,,,
1347,1108,MUN CBC 38SPL EXPO 158GR BLST C,Munição,10,11.75,117.50,,,,
1348,1109,MUNIÇÃO REMINGTON CAL 22 LR HV THUNDERBOLT RN 40GR CX 50,Munição,500,1.30,650.00,,,,
1349,1110,"CARABINA PRESSÃO JADE MAIS 5,5MM OX PP",Produtos Simples,1,550.00,550.00,,,,
1350,1111,MUN CBC .380 AUTO ETOG 95GR BLST C,Munição,50,7.56,378.00,,,,
1351,1112,MUN CBC 38SPL EXPO 158GR BLST C,Munição,10,11.75,117.50,,,,
1352,1113,MUN CBC .380 AUTO ETOG 95GR BLST C,Munição,50,7.56,378.00,,,,
1353,1114,MUN CBC 38SPL CHOG 158GR BLST C,Munição,10,9.48,94.80,,,,
1354,1115,MUN CBC .38TPC ETOG 124GR BLIS C,Munição,40,6.90,276.00,,,,
1355,1116,MUN CBC .380 AUTO ETOG 95GR BLST C,Munição,20,5.56,111.20,,,,
1356,1117,MUN CBC .38TPC ETOG 124GR BLIS C,Munição,20,6.90,138.00,,,,
1357,1118,MUN CBC 9MM LUGER EXPO +P 135GR P.SHOCK BL C,Munição,30,15.88,476.40,,,,
1358,1119,MUN CBC .380 AUTO+P EXPO 85GR G. HEX BLST C,Munição,10,15.53,155.30,,,,
1359,1120,CART CBC 22WMR EXPO 40GR HUNTER C,Munição,50,4.69,234.50,,,,
1360,1121,CART CBC .22LR CHPO 33gr HUNTER HYPER,Munição,50,1.84,92.00,,,,
1361,1121,CART CBC 22WMR EXPO 40GR HUNTER C,Munição,50,4.69,234.50,,,,
1362,1122,MUN CBC .38TPC ETOG 124GR BLIS C,Munição,20,6.90,138.00,,,,
1363,1123,MUN CBC 9MM LUGER EXPO +P 135GR P.SHOCK BL C,Munição,20,15.88,317.60,,,,
1364,1124,MUN CBC 9MM LUGER EXPO +P 135GR P.SHOCK BL C,Munição,10,15.88,158.80,,,,
1371,1129,MUN CBC .380 AUTO+P EXPO 85GR G. HEX BLST C,Munição,20,15.53,310.60,,,,
1372,1130,CART CBC .22LR CHPO 40GR HUNTER SUBS CX 50,Munição,150,0.71,106.50,,,,
1373,1130,CART CBC .22LR CHOG 40GR TARGET C,Munição,50,0.49,24.50,,,,
1374,1130,CART CBC .22LR CHPO 33gr HUNTER HYPER,Munição,50,0.84,42.00,,,,
1375,1131,KIT LIMPEZA ARMA CURTA CAL.380/.38/.9MM/.357,Produtos Simples,50,99.90,4995.00,,,,
1376,1132,MUN CCI 17HMR POLY TIP 17GR,Munição,100,8.30,830.00,,,,
1377,1133,MUN CBC .380 AUTO ETOG 95GR TREINA C,Munição,50,5.85,292.50,,,,
1378,1134,MUN CBC .380 AUTO+P EXPO 85GR G. HEX BLST C,Munição,20,15.53,310.60,,,,
1379,1135,MUN CBC .45AUTO ETOG 230GR BLIS C,Munição,50,11.65,582.50,,,,
1380,1136,CART CBC .22LR CHOG 40GR TARGET C,Munição,50,1.49,74.50,,,,
1381,1137,MUN CBC .38TPC ETOG 124GR BLIS C,Munição,20,6.90,138.00,,,,
1382,1138,MUN CBC .38TPC ETOG 124GR BLIS C,Munição,20,6.90,138.00,,,,
1383,1139,MUN CBC .380 AUTO ETOG 95GR TREINA C,Munição,50,5.85,292.50,,,,
1384,1140,CART CBC .22LR CHOG 40GR TARGET C,Munição,100,1.49,149.00,,,,
1385,1141,MUN CBC 9MM LUGER ETOG 124GR,Munição,10,7.65,76.50,,,,
1386,1142,MUN CBC .380 AUTO ETOG 95GR TREINA C,Munição,150,5.85,877.50,,,,
1387,1142,MUN CBC .380 AUTO+P EXPO 85GR G. HEX BLST C,Munição,10,15.53,155.30,,,,
1388,1143,CART CBC .22LR CHPO 40GR HUNTER SUBS CX 50,Munição,50,1.71,85.50,,,,
1389,1144,CART CBC .22LR CHOG 40GR TARGET C,Munição,50,0.49,24.50,,,,
1390,1145,MUN CBC 38SPL CHOG 158GR - ORÇ,Produtos Simples,1000,9.49,9490.00,,,,
1391,1146,CART CBC 12/70 SUPER VELOX CH-3T,Munição,25,8.15,203.75,,,,
1392,1147,MUN CBC .380 AUTO ETOG 95GR TREINA C,Munição,50,5.85,292.50,,,,
1393,1148,MUN CBC .38SPL ETPP 158GR TREINA,Munição,100,6.11,611.00,,,,
1394,1149,CART CBC .22LR CHOG 40GR TARGET C,Munição,50,1.49,74.50,,,,
1395,1149,CART CBC 22WMR EXPO 40GR HUNTER C,Munição,50,4.69,234.50,,,,
1396,1149,CART CBC 22WMR ETOG 40GR TARGET C,Munição,100,4.69,469.00,,,,
1397,1149,CART CBC .22LR CHPO 40GR HUNTER SUBS CX 50,Munição,50,1.71,85.50,,,,
1398,1150,CART CBC 22WMR EXPO 40GR HUNTER C,Munição,100,4.69,469.00,,,,
1399,1150,CART CBC 22WMR ETOG 40GR TARGET C,Munição,50,4.69,234.50,,,,
1400,1151,MUN CBC 9MM LUGER ETOG 124GR TREINA C,Munição,50,5.75,287.50,,,,
1401,1152,MUN CBC 9MM LUGER ETOG 124GR TREINA C,Munição,50,5.75,287.50,,,,
1402,1153,CARREGADOR 11T CAL. MECGAR GX4,Produtos Simples,1,100.00,100.00,,,,
1403,1154,MUN CBC 9MM LUGER ETOG 124GR TREINA C,Munição,100,2.75,275.00,,,,
1404,1154,MUN CBC .380 AUTO ETOG 95GR TREINA C,Munição,200,2.85,570.00,,,,
1405,1155,MUN CBC 9MM LUGER ETOG 124GR TREINA C,Munição,50,5.75,287.50,,,,
1406,1156,MUN CCI 17HMR POLY TIP 17GR,Munição,100,8.30,830.00,,,,
1407,1157,CARREGADOR 11T CAL. MECGAR GX4,Produtos Controlados,1,292.00,292.00,,,,
1408,1158,MUN CBC .380 AUTO+P EXPO 85GR G. HEX BLST C,Munição,20,15.53,310.60,,,,
1409,1159,MUN CBC .380 AUTO ETOG 95GR TREINA C,Munição,50,5.85,292.50,,,,
1410,1160,MUN CBC 38SPL EXPO 158GR BLST C,Munição,50,11.75,587.50,,,,
